Time,Conductance,Standard Deviation
0,1.00E-12,0
20,3.33E+0,0
40,3.06E+00,0.4811252243
60,6.67E+00,2.886751346
